<?xml version="1.0" encoding="UTF-8" ?>
<books>
	<book id="1" movie="yes">
		<title>Lord of the Rings</title>
		<author>J.R.R. Tolkien</author>
		<film-director>Peter Jackson</film-director>
	</book>
	<book id="2" movie="no">
		<title>The Martian Chronicles</title>
		<author>Ray Bradbury</author>
		<film-director/>
	</book>
	<book id="3" movie="yes">
		<title>The Da Vinci Code</title>
		<author>Dan Brown</author>
		<film-director>Ron Howard</film-director>
	</book>
	<book id="4" movie="yes">
		<title>For Whom the Bell Tolls</title>
		<author>Ernest Hemingway</author>
		<film-director>Sam Wood</film-director>
	</book>
	<book id="5" movie="no">
		<title>Rayuela</title>
		<author>Julio Cortázar</author>
		<film-director/>
	</book>
	<book id="6" movie="no">
		<title>Pedro Páramo</title>
		<author>Juan Rulfo</author>
		<film-director/>
	</book>
	<book id="7" movie="no">
		<title>Der Schwarm</title>
		<author>Frank Schätzing</author>
		<film-director/>
	</book>
	<book id="8" movie="no">
		<title>Die Physiker</title>
		<author>Friedrich Dürrenmatt</author>
		<film-director/>
	</book>
	<book id="9" movie="yes">
		<title>L'Étranger</title>
		<author>Albert Camus</author>
		<film-director>Luchino Visconti</film-director>
	</book>
	<book id="10" movie="no">
		<title>Cien años de soledad</title>
		<author>Gabriel García Márquez</author>
		<film-director/>
	</book>
</books>
